CREATE DATABASE  IF NOT EXISTS `french_ventures` /*!40100 DEFAULT CHARACTER SET utf8 */;
USE `french_ventures`;
-- MySQL dump 10.13  Distrib 5.6.17, for Win64 (x86_64)
--
-- Host: localhost    Database: french_ventures
-- ------------------------------------------------------
-- Server version	5.6.23-log

/*!40101 SET @OLD_CHARACTER_SET_CLIENT=@@CHARACTER_SET_CLIENT */;
/*!40101 SET @OLD_CHARACTER_SET_RESULTS=@@CHARACTER_SET_RESULTS */;
/*!40101 SET @OLD_COLLATION_CONNECTION=@@COLLATION_CONNECTION */;
/*!40101 SET NAMES utf8 */;
/*!40103 SET @OLD_TIME_ZONE=@@TIME_ZONE */;
/*!40103 SET TIME_ZONE='+00:00' */;
/*!40014 SET @OLD_UNIQUE_CHECKS=@@UNIQUE_CHECKS, UNIQUE_CHECKS=0 */;
/*!40014 SET @OLD_FOREIGN_KEY_CHECKS=@@FOREIGN_KEY_CHECKS, FOREIGN_KEY_CHECKS=0 */;
/*!40101 SET @OLD_SQL_MODE=@@SQL_MODE, SQL_MODE='NO_AUTO_VALUE_ON_ZERO' */;
/*!40111 SET @OLD_SQL_NOTES=@@SQL_NOTES, SQL_NOTES=0 */;

--
-- Table structure for table `acl_class`
--

DROP TABLE IF EXISTS `acl_class`;
/*!40101 SET @saved_cs_client     = @@character_set_client */;
/*!40101 SET character_set_client = utf8 */;
CREATE TABLE `acl_class` (
  `id` bigint(20) NOT NULL AUTO_INCREMENT,
  `class` varchar(255) NOT NULL,
  PRIMARY KEY (`id`),
  UNIQUE KEY `unique_uk_2` (`class`)
) ENGINE=InnoDB AUTO_INCREMENT=2 DEFAULT CHARSET=latin1;
/*!40101 SET character_set_client = @saved_cs_client */;

--
-- Dumping data for table `acl_class`
--

LOCK TABLES `acl_class` WRITE;
/*!40000 ALTER TABLE `acl_class` DISABLE KEYS */;
INSERT INTO `acl_class` VALUES (1,'sample.spring.chapter14.domain.FixedDepositDetails');
/*!40000 ALTER TABLE `acl_class` ENABLE KEYS */;
UNLOCK TABLES;

--
-- Table structure for table `acl_entry`
--

DROP TABLE IF EXISTS `acl_entry`;
/*!40101 SET @saved_cs_client     = @@character_set_client */;
/*!40101 SET character_set_client = utf8 */;
CREATE TABLE `acl_entry` (
  `id` bigint(20) NOT NULL AUTO_INCREMENT,
  `acl_object_identity` bigint(20) NOT NULL,
  `ace_order` int(11) NOT NULL,
  `sid` bigint(20) NOT NULL,
  `mask` int(11) NOT NULL,
  `granting` tinyint(1) NOT NULL,
  `audit_success` tinyint(1) NOT NULL,
  `audit_failure` tinyint(1) NOT NULL,
  PRIMARY KEY (`id`),
  UNIQUE KEY `unique_uk_4` (`acl_object_identity`,`ace_order`),
  KEY `foreign_fk_5` (`sid`),
  CONSTRAINT `foreign_fk_4` FOREIGN KEY (`acl_object_identity`) REFERENCES `acl_object_identity` (`id`),
  CONSTRAINT `foreign_fk_5` FOREIGN KEY (`sid`) REFERENCES `acl_sid` (`id`)
) ENGINE=InnoDB DEFAULT CHARSET=latin1;
/*!40101 SET character_set_client = @saved_cs_client */;

--
-- Dumping data for table `acl_entry`
--

LOCK TABLES `acl_entry` WRITE;
/*!40000 ALTER TABLE `acl_entry` DISABLE KEYS */;
/*!40000 ALTER TABLE `acl_entry` ENABLE KEYS */;
UNLOCK TABLES;

--
-- Table structure for table `acl_object_identity`
--

DROP TABLE IF EXISTS `acl_object_identity`;
/*!40101 SET @saved_cs_client     = @@character_set_client */;
/*!40101 SET character_set_client = utf8 */;
CREATE TABLE `acl_object_identity` (
  `id` bigint(20) NOT NULL AUTO_INCREMENT,
  `object_id_class` bigint(20) NOT NULL,
  `object_id_identity` bigint(20) NOT NULL,
  `parent_object` bigint(20) DEFAULT NULL,
  `owner_sid` bigint(20) DEFAULT NULL,
  `entries_inheriting` tinyint(1) NOT NULL,
  PRIMARY KEY (`id`),
  UNIQUE KEY `unique_uk_3` (`object_id_class`,`object_id_identity`),
  KEY `foreign_fk_1` (`parent_object`),
  KEY `foreign_fk_3` (`owner_sid`),
  CONSTRAINT `foreign_fk_1` FOREIGN KEY (`parent_object`) REFERENCES `acl_object_identity` (`id`),
  CONSTRAINT `foreign_fk_2` FOREIGN KEY (`object_id_class`) REFERENCES `acl_class` (`id`),
  CONSTRAINT `foreign_fk_3` FOREIGN KEY (`owner_sid`) REFERENCES `acl_sid` (`id`)
) ENGINE=InnoDB DEFAULT CHARSET=latin1;
/*!40101 SET character_set_client = @saved_cs_client */;

--
-- Dumping data for table `acl_object_identity`
--

LOCK TABLES `acl_object_identity` WRITE;
/*!40000 ALTER TABLE `acl_object_identity` DISABLE KEYS */;
/*!40000 ALTER TABLE `acl_object_identity` ENABLE KEYS */;
UNLOCK TABLES;

--
-- Table structure for table `acl_sid`
--

DROP TABLE IF EXISTS `acl_sid`;
/*!40101 SET @saved_cs_client     = @@character_set_client */;
/*!40101 SET character_set_client = utf8 */;
CREATE TABLE `acl_sid` (
  `id` bigint(20) NOT NULL AUTO_INCREMENT,
  `principal` tinyint(1) NOT NULL,
  `sid` varchar(100) NOT NULL,
  PRIMARY KEY (`id`),
  UNIQUE KEY `unique_uk_1` (`sid`,`principal`)
) ENGINE=InnoDB AUTO_INCREMENT=4 DEFAULT CHARSET=latin1;
/*!40101 SET character_set_client = @saved_cs_client */;

--
-- Dumping data for table `acl_sid`
--

LOCK TABLES `acl_sid` WRITE;
/*!40000 ALTER TABLE `acl_sid` DISABLE KEYS */;
INSERT INTO `acl_sid` VALUES (3,1,'admin'),(1,1,'cust1'),(2,1,'cust2');
/*!40000 ALTER TABLE `acl_sid` ENABLE KEYS */;
UNLOCK TABLES;

--
-- Table structure for table `authorities`
--

DROP TABLE IF EXISTS `authorities`;
/*!40101 SET @saved_cs_client     = @@character_set_client */;
/*!40101 SET character_set_client = utf8 */;
CREATE TABLE `authorities` (
  `username` varchar(50) NOT NULL,
  `authority` varchar(50) NOT NULL,
  UNIQUE KEY `authorities_idx_1` (`username`,`authority`),
  CONSTRAINT `authorities_ibfk_1` FOREIGN KEY (`username`) REFERENCES `users` (`username`)
) ENGINE=InnoDB DEFAULT CHARSET=latin1;
/*!40101 SET character_set_client = @saved_cs_client */;

--
-- Dumping data for table `authorities`
--

LOCK TABLES `authorities` WRITE;
/*!40000 ALTER TABLE `authorities` DISABLE KEYS */;
INSERT INTO `authorities` VALUES ('admin','ROLE_ADMIN'),('cust1','ROLE_CUSTOMER'),('cust2','ROLE_CUSTOMER');
/*!40000 ALTER TABLE `authorities` ENABLE KEYS */;
UNLOCK TABLES;

--
-- Table structure for table `product`
--

DROP TABLE IF EXISTS `product`;
/*!40101 SET @saved_cs_client     = @@character_set_client */;
/*!40101 SET character_set_client = utf8 */;
CREATE TABLE `product` (
  `product_id` int(11) NOT NULL AUTO_INCREMENT,
  `resource_url` varchar(255) DEFAULT NULL,
  `description` varchar(255) DEFAULT NULL,
  `qty_per_unit` int(11) DEFAULT NULL,
  `stock_quantity` int(11) DEFAULT NULL,
  `weight_in_grams` decimal(10,0) DEFAULT NULL,
  `retail_price_usd` decimal(10,0) DEFAULT NULL,
  `supply_cost_usd` decimal(10,0) DEFAULT NULL,
  `product_code` varchar(45) DEFAULT NULL,
  `archive` bit(1) DEFAULT b'0',
  PRIMARY KEY (`product_id`)
) ENGINE=InnoDB AUTO_INCREMENT=14 DEFAULT CHARSET=utf8;
/*!40101 SET character_set_client = @saved_cs_client */;

--
-- Dumping data for table `product`
--

LOCK TABLES `product` WRITE;
/*!40000 ALTER TABLE `product` DISABLE KEYS */;
INSERT INTO `product` VALUES (2,'IMG_0001.JPG','db',1,200,5,2,1,'SAMPLE_1','\0'),(3,'IMG_0002.JPG','db',1,200,5,2,1,'SAMPLE_2','\0'),(4,'IMG_0003.JPG','db',1,200,5,2,1,'SAMPLE_3','\0'),(5,'IMG_0004.JPG','db',1,200,5,2,1,'SAMPLE_4','\0'),(6,'IMG_0005.JPG','db',1,200,5,2,1,'SAMPLE_5','\0'),(7,'IMG_0006.JPG','db',1,200,5,2,1,'SAMPLE_6','\0'),(8,'IMG_0007.JPG','db',1,200,5,2,1,'SAMPLE_7','\0'),(9,'IMG_0008.JPG','db',1,200,5,2,1,'SAMPLE_8','\0'),(10,'IMG_0009.JPG','db',1,200,5,2,1,'SAMPLE_9','\0'),(11,'IMG_0010.JPG','db',1,200,5,2,1,'SAMPLE_10','\0'),(12,'IMG_0011.JPG','db',1,200,5,2,1,'SAMPLE_11','\0'),(13,'IMG_0012.JPG','db',1,200,5,2,1,'SAMPLE_12','\0');
/*!40000 ALTER TABLE `product` ENABLE KEYS */;
UNLOCK TABLES;

--
-- Table structure for table `product_property`
--

DROP TABLE IF EXISTS `product_property`;
/*!40101 SET @saved_cs_client     = @@character_set_client */;
/*!40101 SET character_set_client = utf8 */;
CREATE TABLE `product_property` (
  `product_property_id` int(11) NOT NULL AUTO_INCREMENT,
  `length_cm` decimal(10,0) DEFAULT NULL,
  `width_cm` decimal(10,0) DEFAULT NULL,
  `thickness_mm` decimal(10,0) DEFAULT NULL,
  `weight_1000` decimal(10,0) DEFAULT NULL,
  PRIMARY KEY (`product_property_id`)
) ENGINE=InnoDB DEFAULT CHARSET=utf8;
/*!40101 SET character_set_client = @saved_cs_client */;

--
-- Dumping data for table `product_property`
--

LOCK TABLES `product_property` WRITE;
/*!40000 ALTER TABLE `product_property` DISABLE KEYS */;
/*!40000 ALTER TABLE `product_property` ENABLE KEYS */;
UNLOCK TABLES;

--
-- Table structure for table `users`
--

DROP TABLE IF EXISTS `users`;
/*!40101 SET @saved_cs_client     = @@character_set_client */;
/*!40101 SET character_set_client = utf8 */;
CREATE TABLE `users` (
  `username` varchar(50) NOT NULL,
  `password` varchar(50) NOT NULL,
  `enabled` tinyint(1) NOT NULL,
  PRIMARY KEY (`username`)
) ENGINE=InnoDB DEFAULT CHARSET=latin1;
/*!40101 SET character_set_client = @saved_cs_client */;

--
-- Dumping data for table `users`
--

LOCK TABLES `users` WRITE;
/*!40000 ALTER TABLE `users` DISABLE KEYS */;
INSERT INTO `users` VALUES ('admin','admin',1),('cust1','cust1',1),('cust2','cust2',1);
/*!40000 ALTER TABLE `users` ENABLE KEYS */;
UNLOCK TABLES;

--
-- Dumping events for database 'french_ventures'
--

--
-- Dumping routines for database 'french_ventures'
--
/*!40103 SET TIME_ZONE=@OLD_TIME_ZONE */;

/*!40101 SET SQL_MODE=@OLD_SQL_MODE */;
/*!40014 SET FOREIGN_KEY_CHECKS=@OLD_FOREIGN_KEY_CHECKS */;
/*!40014 SET UNIQUE_CHECKS=@OLD_UNIQUE_CHECKS */;
/*!40101 SET CHARACTER_SET_CLIENT=@OLD_CHARACTER_SET_CLIENT */;
/*!40101 SET CHARACTER_SET_RESULTS=@OLD_CHARACTER_SET_RESULTS */;
/*!40101 SET COLLATION_CONNECTION=@OLD_COLLATION_CONNECTION */;
/*!40111 SET SQL_NOTES=@OLD_SQL_NOTES */;

-- Dump completed on 2015-02-16  6:23:19
